{
  "lang":"en",
  "name":"pipeline",
  "version":"0.0.0",
  "spacy_version":">=3.8.2,<3.9.0",
  "description":"",
  "author":"",
  "email":"",
  "url":"",
  "license":"",
  "spacy_git_version":"63f1b53",
  "vectors":{
    "width":0,
    "vectors":0,
    "keys":0,
    "name":null,
    "mode":"default"
  },
  "labels":{
    "tok2vec":[

    ],
    "ner":[
      "ACTION",
      "DESTINATION",
      "FILE",
      "FOLDER",
      "NEWNAME",
      "TEXT"
    ]
  },
  "pipeline":[
    "tok2vec",
    "ner"
  ],
  "components":[
    "tok2vec",
    "ner"
  ],
  "disabled":[

  ],
  "performance":{
    "ents_f":0.8804020101,
    "ents_p":0.8639053254,
    "ents_r":0.8975409836,
    "ents_per_type":{
      "ACTION":{
        "p":0.9575289575,
        "r":0.9649805447,
        "f":0.9612403101
      },
      "FILE":{
        "p":0.8144329897,
        "r":0.7596153846,
        "f":0.7860696517
      },
      "DESTINATION":{
        "p":0.9714285714,
        "r":0.9714285714,
        "f":0.9714285714
      },
      "FOLDER":{
        "p":0.6,
        "r":0.8028169014,
        "f":0.686746988
      },
      "NEWNAME":{
        "p":0.9523809524,
        "r":0.9523809524,
        "f":0.9523809524
      }
    },
    "tok2vec_loss":251.2079842384,
    "ner_loss":5410.2670898438
  }
}