{
  "lang":"en",
  "name":"pipeline",
  "version":"0.0.0",
  "spacy_version":">=3.8.2,<3.9.0",
  "description":"",
  "author":"",
  "email":"",
  "url":"",
  "license":"",
  "spacy_git_version":"63f1b53",
  "vectors":{
    "width":0,
    "vectors":0,
    "keys":0,
    "name":null,
    "mode":"default"
  },
  "labels":{
    "tok2vec":[

    ],
    "ner":[
      "ACTION",
      "DESTINATION",
      "FILE",
      "FOLDER",
      "NEWNAME",
      "TEXT"
    ]
  },
  "pipeline":[
    "tok2vec",
    "ner"
  ],
  "components":[
    "tok2vec",
    "ner"
  ],
  "disabled":[

  ],
  "performance":{
    "ents_f":0.8695652174,
    "ents_p":0.8781362007,
    "ents_r":0.8611599297,
    "ents_per_type":{
      "ACTION":{
        "p":0.9593495935,
        "r":0.9672131148,
        "f":0.9632653061
      },
      "FOLDER":{
        "p":0.8695652174,
        "r":0.7407407407,
        "f":0.8
      },
      "DESTINATION":{
        "p":0.7678571429,
        "r":0.9555555556,
        "f":0.8514851485
      },
      "FILE":{
        "p":0.7697841727,
        "r":0.7810218978,
        "f":0.7753623188
      },
      "NEWNAME":{
        "p":1.0,
        "r":0.6857142857,
        "f":0.813559322
      },
      "TEXT":{
        "p":0.0,
        "r":0.0,
        "f":0.0
      }
    },
    "tok2vec_loss":24.8390094189,
    "ner_loss":125.4068450928
  }
}