{
  "lang":"en",
  "name":"pipeline",
  "version":"0.0.0",
  "spacy_version":">=3.8.2,<3.9.0",
  "description":"",
  "author":"",
  "email":"",
  "url":"",
  "license":"",
  "spacy_git_version":"63f1b53",
  "vectors":{
    "width":0,
    "vectors":0,
    "keys":0,
    "name":null,
    "mode":"default"
  },
  "labels":{
    "tok2vec":[

    ],
    "ner":[
      "ACTION",
      "DESTINATION",
      "FILE",
      "FOLDER",
      "NEWNAME",
      "TEXT"
    ]
  },
  "pipeline":[
    "tok2vec",
    "ner"
  ],
  "components":[
    "tok2vec",
    "ner"
  ],
  "disabled":[

  ],
  "performance":{
    "ents_f":0.8571428571,
    "ents_p":0.8418972332,
    "ents_r":0.8729508197,
    "ents_per_type":{
      "ACTION":{
        "p":0.9418604651,
        "r":0.9455252918,
        "f":0.9436893204
      },
      "FILE":{
        "p":0.816091954,
        "r":0.6826923077,
        "f":0.7434554974
      },
      "DESTINATION":{
        "p":0.9444444444,
        "r":0.9714285714,
        "f":0.9577464789
      },
      "FOLDER":{
        "p":0.5619047619,
        "r":0.8309859155,
        "f":0.6704545455
      },
      "NEWNAME":{
        "p":0.95,
        "r":0.9047619048,
        "f":0.9268292683
      }
    },
    "tok2vec_loss":245.8237352631,
    "ner_loss":964.0592041016
  }
}