{
  "lang":"en",
  "name":"pipeline",
  "version":"0.0.0",
  "spacy_version":">=3.8.2,<3.9.0",
  "description":"",
  "author":"",
  "email":"",
  "url":"",
  "license":"",
  "spacy_git_version":"63f1b53",
  "vectors":{
    "width":0,
    "vectors":0,
    "keys":0,
    "name":null,
    "mode":"default"
  },
  "labels":{
    "tok2vec":[

    ],
    "ner":[
      "ACTION",
      "DESTINATION",
      "FILE",
      "FOLDER",
      "NEWNAME",
      "TEXT"
    ]
  },
  "pipeline":[
    "tok2vec",
    "ner"
  ],
  "components":[
    "tok2vec",
    "ner"
  ],
  "disabled":[

  ],
  "performance":{
    "ents_f":0.8786536758,
    "ents_p":0.8857142857,
    "ents_r":0.8717047452,
    "ents_per_type":{
      "ACTION":{
        "p":0.95951417,
        "r":0.9713114754,
        "f":0.9653767821
      },
      "FOLDER":{
        "p":0.9605263158,
        "r":0.6759259259,
        "f":0.7934782609
      },
      "DESTINATION":{
        "p":0.7678571429,
        "r":0.9555555556,
        "f":0.8514851485
      },
      "FILE":{
        "p":0.7579617834,
        "r":0.8686131387,
        "f":0.8095238095
      },
      "NEWNAME":{
        "p":1.0,
        "r":0.6857142857,
        "f":0.813559322
      }
    },
    "tok2vec_loss":65.8285793918,
    "ner_loss":170.7266845703
  }
}