{
  "lang":"en",
  "name":"pipeline",
  "version":"0.0.0",
  "spacy_version":">=3.8.2,<3.9.0",
  "description":"",
  "author":"",
  "email":"",
  "url":"",
  "license":"",
  "spacy_git_version":"63f1b53",
  "vectors":{
    "width":0,
    "vectors":0,
    "keys":0,
    "name":null,
    "mode":"default"
  },
  "labels":{
    "tok2vec":[

    ],
    "ner":[
      "ACTION",
      "DESTINATION",
      "FILE",
      "FOLDER",
      "NEWNAME"
    ]
  },
  "pipeline":[
    "tok2vec",
    "ner"
  ],
  "components":[
    "tok2vec",
    "ner"
  ],
  "disabled":[

  ],
  "performance":{
    "ents_f":0.9850746269,
    "ents_p":0.9842105263,
    "ents_r":0.985940246,
    "ents_per_type":{
      "ACTION":{
        "p":0.9795918367,
        "r":0.9836065574,
        "f":0.981595092
      },
      "FOLDER":{
        "p":1.0,
        "r":0.9814814815,
        "f":0.9906542056
      },
      "DESTINATION":{
        "p":0.9772727273,
        "r":0.9555555556,
        "f":0.9662921348
      },
      "FILE":{
        "p":0.9856115108,
        "r":1.0,
        "f":0.9927536232
      },
      "NEWNAME":{
        "p":0.9722222222,
        "r":1.0,
        "f":0.985915493
      }
    },
    "tok2vec_loss":215.8660934039,
    "ner_loss":1948.7263183594
  }
}